<assembly xmlns="http://maven.apache.org/plugins/maven-assembly-plugin/assembly/1.1.0"
        xmlns:xsi="http://www.w3.org/2001/XMLSchema-instance"
        xsi:schemaLocation="http://maven.apache.org/plugins/maven-assembly-plugin/assembly/1.1.0 http://maven.apache.org/xsd/assembly-1.1.0.xsd">
    <id>bin</id>
    <formats>
        <format>zip</format>
    </formats>
    <dependencySets>
        <dependencySet>
            <outputDirectory>dep</outputDirectory>
            <unpack>false</unpack>
            <scope>runtime</scope>
            <excludes>
                <exclude>org.exjello:exjello</exclude>
            </excludes>
        </dependencySet>
    </dependencySets>
    <fileSets>
        <fileSet>
            <includes>
                <include>${project.basedir}/README*</include>
                <include>${project.basedir}/LICENSE*</include>
                <include>${project.basedir}/NOTICE*</include>
            </includes>
        </fileSet>
        <fileSet>
            <directory>${project.build.directory}</directory>
            <outputDirectory>.</outputDirectory>
            <includes>
                <include>*.jar</include>
            </includes>
        </fileSet>
        <fileSet>
            <directory>${project.basedir}</directory>
            <outputDirectory>.</outputDirectory>
            <includes>
                <include>*.jar</include>
            </includes>
        </fileSet>
        <fileSet>
            <directory>${project.basedir}/doc</directory>
        </fileSet>
    </fileSets>
</assembly>
