<assembly xmlns="http://maven.apache.org/plugins/maven-assembly-plugin/assembly/1.1.0"
        xmlns:xsi="http://www.w3.org/2001/XMLSchema-instance"
        xsi:schemaLocation="http://maven.apache.org/plugins/maven-assembly-plugin/assembly/1.1.0 http://maven.apache.org/xsd/assembly-1.1.0.xsd">
    <id>src</id>
    <formats>
        <format>zip</format>
    </formats>
    <fileSets>
        <fileSet>
            <includes>
                <include>${project.basedir}/README*</include>
                <include>${project.basedir}/LICENSE*</include>
                <include>${project.basedir}/NOTICE*</include>
                <include>${project.basedir}/pom.xml</include>
            </includes>
        </fileSet>
        <fileSet>
            <directory>${project.basedir}</directory>
            <includes>
                <include>*.jar</include>
            </includes>
        </fileSet>
        <fileSet>
            <directory>${project.basedir}/doc</directory>
        </fileSet>
        <fileSet>
            <directory>${project.basedir}/src</directory>
        </fileSet>
    </fileSets>
</assembly>
